
1.Listthe customer names of invoice date 3rd February 2023.

mysql> SELECT name FROM CUSTOMER WHERE id IN (SELECT id FROM INVOICE_master WHERE inv_date='2021-03-16');
+------+
| name |
+------+
| siya |
+------+
1 row in set (0.00 sec)


2.List the product name and price of each invoice item. 

mysql>  SELECT pname ,price from PRODUCT where pid in(select pid from INVOICE_item);
+-------------------+-------+
| pname             | price |
+-------------------+-------+
| Laundry detergent | 71.40 |
+-------------------+-------+
1 row in set (0.01 sec)


3.    List the product names, only include their purchased quantity more than 3. 

mysql> SELECT pname from PRODUCT where pid in(select pid from INVOICE_item WHERE quantity >3);
+-------------------+
| pname             |
+-------------------+
| Laundry detergent |
+-------------------+
1 row in set (0.00 sec)

4.    Find the product that has no sale. 
mysql> SELECT * from PRODUCT where pid NOT  in(select pid from INVOICE_item);
+-----+-------+--------+
| pid | pname | price  |
+-----+-------+--------+
|  11 | Bag   | 204.00 |
|  22 | Book  | 204.00 |
|  33 | soap  | 102.00 |
+-----+-------+--------+
3 rows in set (0.00 sec)


5.    List the customer names who purchased the items ‘book’ and ‘soap’. 

mysql> SELECT * FROM CUSTOMER;
+----+-------+-----------+------------+---------+
| id | name  | address   | city       | ph_no   |
+----+-------+-----------+------------+---------+
|  1 | priya | kozhikode | kannur     | 2378959 |
|  2 | siya  | kannur    | Calicut    | 2378594 |
|  3 | nidha | kollam    | kannur     | 2356976 |
|  4 | diya  | kannur    | Calicut    | 2356746 |
|  5 | naza  | Kochi     | Trissur    | 2357987 |
|  6 | sana  | kannur    | Calicut    | 2378965 |
| 77 | sheza | kannur    | thalassery | 2387899 |
| 88 | sheza | kannur    | thalassery | 2387899 |
+----+-------+-----------+------------+---------+
8 rows in set (0.00 sec)

mysql> SELECT * FROM PRODUCT;
+-----+-------------------+--------+
| pid | pname             | price  |
+-----+-------------------+--------+
|  11 | Bag               | 204.00 |
|  22 | Book              | 204.00 |
|  33 | soap              | 102.00 |
|  44 | candy             |  90.00 |
|  55 | Laundry detergent |  71.40 |
|  66 | chocolate         | 300.00 |
+-----+-------------------+--------+
6 rows in set (0.00 sec)
mysql> SELECT * FROM INVOICE_master;
+--------+------+------------+
| inv_id | id   | inv_date   |
+--------+------+------------+
|     11 |    1 | 2022-02-11 |
|     22 |    2 | 2021-03-16 |
|     33 |    3 | 2019-09-27 |
|     44 |    4 | 2019-06-15 |
|     55 |    5 | 2020-05-20 |
|     66 |    6 | 2023-07-25 |
+--------+------+------------+
6 rows in set (0.00 sec)


mysql> SELECT * FROM INVOICE_item;
+--------+------+----------+
| inv_id | pid  | quantity |
+--------+------+----------+
|     55 |   55 |        5 |
|     11 |   11 |        3 |
|     22 |   22 |        1 |
|     33 |   33 |        1 |
|     44 |   44 |        4 |
|     66 |   66 |        6 |
+--------+------+----------+
6 rows in set (0.00 sec)

mysql> SELECT name FROM CUSTOMER WHERE id IN(SELECT id FROM INVOICE_master WHERE inv_id IN(SELECT inv_id FROM INVOICE_item WHERE pid IN(SELECT pid FROM PRODUCT WHERE pname='Book' OR(SELECT pid FROM PRODUCT WHERE pname='soap'))));  
+-------+
| name  |
+-------+
| priya |
| siya  |
| nidha |
| diya  |
| naza  |
| sana  |
+-------+
6 rows in set (0.00 sec)


6.Display the purchased product details of the customer 'diya’. 

mysql> select pname,price FROM PRODUCT WHERE pid IN(SELECT pid FROM INVOICE_item WHERE inv_id IN (SELECT inv_id FROM INVOICE_master WHERE id IN (SELECT id FROM CUSTOMER WHERE name='diya')));
+-------+-------+
| pname | price |
+-------+-------+
| candy | 90.00 |
+-------+-------+
1 row in set (0.00 sec)


7. List the names of all customers who have purchased at least 1 products, make sure that no duplicate names in the result.

mysql>  select name from CUSTOMER where id in(select id from INVOICE_master where inv_id in(select inv_id from INVOICE_item group by inv_id having count(inv_id)>=1));
+-------+
| name  |
+-------+
| priya |
| siya  |
| nidha |
| diya  |
| naza  |
| sana  |
+-------+
6 rows in set (0.00 sec)

