                                                               EXPERIMENT NO: 2.3	
                                                               
                                                          -PL/SQL PROGRAMS â€“ TRIGGER 
                        
1. Create a trigger to handle updates to the customer table. 

mysql> delimiter $$
mysql> create trigger backup
    -> before update
    -> on CUSTOMER
    -> for each row
    -> begin
    -> insert into CUSTOMER_backup
    -> values(old.id,old.name,old.address,old.city,old.ph_no);                 
    -> end $$
Query OK, 0 rows affected (0.08 sec)

mysql> delimiter ;
mysql>  create table CUSTOMER_backup(id int,name varchar(20),address varchar(30),city varchar(20),ph_no int);
Query OK, 0 rows affected (0.31 sec)

mysql> select * from CUSTOMER;
+----+-------+-----------+------------+---------+
| id | name  | address   | city       | ph_no   |
+----+-------+-----------+------------+---------+
|  1 | priya | kozhikode | kannur     | 2378959 |
|  2 | siya  | kannur    | Calicut    | 2378594 |
|  3 | nidha | kollam    | kannur     | 2356976 |
|  4 | diya  | kannur    | Calicut    | 2356746 |
|  5 | naza  | Kochi     | Trissur    | 2357987 |
|  6 | sana  | kannur    | Calicut    | 2378965 |
| 77 | sheza | kannur    | thalassery | 2387899 |
| 88 | hana  | kalathode | calicut    |    NULL |
| 99 | dhana | vadakara  | calicut    |    NULL |
+----+-------+-----------+------------+---------+
9 rows in set (0.00 sec)

mysql> update CUSTOMER set name='fadhiya' where id='4';
Query OK, 1 row affected (0.15 sec)
Rows matched: 1  Changed: 1  Warnings: 0

mysql> SELECT * FROM CUSTOMER_backup;
+------+------+---------+---------+---------+
| id   | name | address | city    | ph_no   |
+------+------+---------+---------+---------+
|    4 | diya | kannur  | Calicut | 2356746 |
+------+------+---------+---------+---------+
1 row in set (0.00 sec)

-----------------------------------------------------------------------------------------------------------------------------------------------------------


2. Create a trigger to handle inserts to the product relation ( if price < 5 the set price to 10).

mysql> delimiter $$
mysql> create trigger PRODUCT_price
    -> before insert
    -> on PRODUCT
    -> for each row
    -> begin
    -> if new.price < 5 then
    -> set new.price=10;
    -> end if;
    -> end $$
Query OK, 0 rows affected (0.06 sec)

mysql> delimiter ;

mysql> insert into PRODUCT VALUES(077,'horlicks',4);
Query OK, 1 row affected (0.08 sec)

mysql> select * from PRODUCT;
+-----+-------------------+--------+
| pid | pname             | price  |
+-----+-------------------+--------+
|  11 | Bag               | 209.00 |
|  22 | Book              | 209.00 |
|  33 | soap              | 107.00 |
|  44 | candy             |  95.00 |
|  55 | Laundry detergent |  76.40 |
|  66 | chocolate         | 305.00 |
|  77 | horlicks          |  10.00 |
|  99 | boost             | 300.00 |
+-----+-------------------+--------+
8 rows in set (0.00 sec)


//completed
